{
    "v5": [
        {
            "metrics/precision(B)": 0.6821702568371308,
            "metrics/recall(B)": 0.6576447261316675,
            "metrics/mAP50(B)": 0.7016006272443885,
            "metrics/mAP50-95(B)": 0.43887847649533607,
            "fitness": 0.46515069157024136
        }
    ],
    "v8": [
        {
            "metrics/precision(B)": 0.730557047628016,
            "metrics/recall(B)": 0.7563660008660801,
            "metrics/mAP50(B)": 0.7967208954261237,
            "metrics/mAP50-95(B)": 0.524601803617393,
            "fitness": 0.5518137127982661
        }
    ],
    "v11": [
        {
            "metrics/precision(B)": 0.8382655535718353,
            "metrics/recall(B)": 0.7970483835272755,
            "metrics/mAP50(B)": 0.8782498103641193,
            "metrics/mAP50-95(B)": 0.6118765712454413,
            "fitness": 0.638513895157309
        }
    ]    
}